Product Name,Brand Name,Price,Discount,Total Reviews,Product Rating
Globalstar 6 LITRES STAINLESS STEEL  6L  SINGLE  TANK Energy Efficient Double Electric Chips /Chicken /MANDAZIS Deep Fryer Machine,Globalstar,"KSh 4,299",N/A,N/A,N/A
Computer Desktop CPU Power Cable,Computer,KSh 260,50%,N/A,N/A
AILYONS FK-0301 Stainless Steel 1.8L Electric Kettle-Black,AILYONS,KSh 469,66%,N/A,N/A
Sosoft Fabric Softener Luxury - 750ml,Sosoft,KSh 239,6%,N/A,N/A
MK Electric Fridge Guard Plus Free 4-Way Extension Cable,MK,KSh 699,18%,N/A,N/A
Men's Sneakers With High-top Casual Sneakers White&Grey,Men's,"KSh 1,139",11%,N/A,N/A
Lexar NS100 256GB 2.5 SSD,Lexar,"KSh 3,387",49%,N/A,N/A
"HP S1000 Wireless Silent Mouse, 1,600 DPI, Black (1YR WRTY)",HP,"KSh 1,500",25%,N/A,N/A
Lyons LST3211W 32”INCH Smart Android Frameless 4K Full HD TV - Black () (1YR WRTY),Lyons,"KSh 9,999",47%,N/A,N/A
Cutting/Chopping Board + FREE Knife,Cutting/Chopping,KSh 440,12%,N/A,N/A
Lyons AN-2001K High Quality Electric Dry Iron Box with Non-stick sole plate   - 1000W Blue(1YR WRTY),Lyons,KSh 659,34%,N/A,N/A
"Hot selling XG88PRO Bluetooth Sunglasses, Wireless 5.3 Stereo OWS Bluetooth Earphones, Cycling Sunglasses",Hot,"KSh 1,119",8%,N/A,N/A
Lyons GK-012 Stainless Steel Double Burner Gas Cooker Table Top Gas Stove -Grey (1YR WRTY),Lyons,"KSh 1,399",44%,N/A,N/A
AILYONS FK-0310 Stainless Steel 2.2L Electric Water Kettle-Black (1YR WRTY),AILYONS,KSh 799,50%,N/A,N/A
HUILE Portable Manual Hand Press Water Bottle Dispenser Pump,HUILE,KSh 420,24%,N/A,N/A
"Apple MacBook Pro 13"" Core I5 2.4GHz 8GB RAM, 500GB HDD (2012) Silver Refurbished",Apple,"KSh 22,500",25%,N/A,N/A
ARHANORY 5 In 1 Multi-style Earrings Ladies Hoop Pearl For Women Girl,ARHANORY,KSh 310,34%,N/A,N/A
Fitted Sheet Waterproof Mattress Protector Solid Pillow Bed Cover Solid Bedsheets Twin to California King Size,Fitted,"KSh 2,222",N/A,N/A,N/A
TWS Airpods Pro3 Bluetooth Headsets Wireless Pods Pro Earpods Earphones..,TWS,KSh 359,55%,N/A,N/A
Johari Three Years Warrant High Quilted Home Living Bedroom Soft And Long Lasting (Random Color Dispatch),Johari,"KSh 3,925 - KSh 8,798",32%,N/A,N/A
Mythco 46Pcs Socket Wrench Set - Auto Repair Tool Kit Black Ratchet,Mythco,KSh 845,49%,N/A,N/A
Enchanteur VIVACIOUS PERFUMED SHOWER GEL 250ML,Enchanteur,KSh 450,25%,N/A,N/A
1200 Pcs 3mm Nail Art Rhinestone Gem Crystal - Suitable For DIY And Decoration,1200,KSh 360,42%,N/A,N/A
Mythco 25-in-1 Small Precision Screwdriver Set Magnetic Mini Repair Tool Kit,Mythco,KSh 340,54%,N/A,N/A
DIY Handmade Airplane Model Toys,DIY,KSh 238,82%,N/A,N/A
Visual Ear Scoop Cordless Cleaning Endoscope HD Ear Pickers,Visual,"KSh 1,497",40%,N/A,N/A
ASHION 2024 Men's Casual Shoes Big Size  Sneakers 39-48,ASHION,KSh 990,52%,N/A,N/A
14-in-1 Sink Wrench,14-in-1,"KSh 1,400",30%,N/A,N/A
Wired Gaming Mouse USB Rechargeable Colorful RGB Mouse,Wired,KSh 201,73%,N/A,N/A
Utarudi GT83 Bluetooth Headsets   Wireless Earpods,Utarudi,KSh 873,33%,N/A,N/A
2pcs Artificial Flowers With Plastic Pots Office Decor,2pcs,KSh 638,65%,N/A,N/A
Figures Dolls  LED Colorful Glowing Teddy Bear Stuffed  Toy,Figures,KSh 691,54%,N/A,N/A
RichRipple 10H Play Bluetooth Earbud Sport Wireless Earphone Headset,RichRipple,KSh 310,48%,N/A,N/A
Men's Pullover Hoodies Casual Sweatshirt With Pockets,Men's,KSh 583,78%,N/A,N/A
6 In 1 SD Card Reader TF/Micro SD Memory Cards - OTG Flash Drive Adapter,6,KSh 363,52%,N/A,N/A
Mateamoda Shoes Rack Closet Storage Assemble Organizer 5-layer,Mateamoda,KSh 710,53%,N/A,N/A
YW08 TWS Wireless Earbuds Touch Control LCD Screen Earphone - Black,YW08,KSh 749,62%,N/A,N/A
Electric Automatic Water Dispenser Pump Rechargeable - Black/White,Electric,KSh 530,52%,N/A,N/A
"XIAOMI Redmi 14C, 6.88"" (4GB RAM+128GB Storage) (Dual Sim) 5160mAh - Midnight Black (2YRs WRTY)",XIAOMI,"KSh 11,253",23%,N/A,N/A
"Infinix Hot 60i 4G, 6.7"", 6GB RAM + 128GB, 5160mAh (Dual SIM), Sleek Black",Infinix,"KSh 11,999",25%,N/A,N/A
"Itel S25 Ultra 4G, 6.78"", 8GB RAM + 128GB (Dual SIM), 5000mAh, Black (1YR WRTY) + Free Buds Ace Pro",Itel,"KSh 15,499",23%,N/A,N/A
"Tecno Spark 40, 120Hz 6.67'', 256GB ROM + 8GB RAM (+8GB Extended)  (Dual Sim) 50MP, 5200 mAh 45W Super Charging-Ink Black",Tecno,"KSh 14,999",6%,N/A,N/A
"XIAOMI Redmi A5, 6.88"", 3GB + 64GB , 5200mAh, DUAL SIM, 4G - Midnight Black",XIAOMI,"KSh 8,599",23%,N/A,N/A
"Infinix Smart 10 HD, 6.6"", 2GB RAM +64GB, 5000mAh, 4G, Titanium Grey",Infinix,"KSh 7,850",22%,N/A,N/A
"Itel A50, 6.6'', 64GB + 2GB RAM (Dual SIM), 4G, 5000mAh, Black",Itel,"KSh 8,100",10%,N/A,N/A
"Tecno Pova 6 Neo 6.78""FHD+, 256GB+8GB RAM, 50MP, 7000mAh-33W Super Charge- Speed Black (1YR WRTY)",Tecno,"KSh 18,899",18%,N/A,N/A
"Samsung Galaxy A05, 6.7"", 64GB + 4GB RAM (Dual SIM), 5000mAh, Black, (2YRs WRTY)",Samsung,"KSh 8,999",32%,N/A,N/A
"XIAOMI Redmi A5, 6.88"", 4GB + 128GB , 5200mAh, DUAL SIM, 4G - Midnight Black",XIAOMI,"KSh 10,099",20%,N/A,N/A
"Oale S24+ - 6.52"" 32GB ROM, 3GB RAM, 8MP, 4050mAh, 3G (Dual SIM) - Black (1YR WRTY)",Oale,"KSh 5,590",72%,N/A,N/A
"Blackview A52 Pro 6.5"" 6GB RAM + 128GB (Dual SIM) - 13MP Camera, 5180mAh - 4G, Blue",Blackview,"KSh 8,599",34%,N/A,N/A
"Itel P55 6.6"", 128GB + 6GB, (Dual SIM), 5G, 5000mAh - Galaxy Blue (1YR WRTY)",Itel,"KSh 8,930",40%,N/A,N/A
"XIAOMI POCO C71,  6.88"", 128GB + 4GB RAM (Dual SIM), 5200mAh, Black",XIAOMI,"KSh 8,999",22%,N/A,N/A
"Oking OK310 1.7"" Wireless FM, Bright Torch, 1000mAh, Tri SIM, 2G - Black  (1YR WRTY)",Oking,KSh 719,40%,N/A,N/A
"Amtec 43L12, 43"" FHD Smart Android Frameless TV, Netfix, Youtube, Bluetooth - Black (1YR WRTY)",Amtec,"KSh 16,299",31%,N/A,N/A
"Vitron HTC4388FS - 43"" Smart  Android Frameless TV - Black (1YR WRTY)",Vitron,"KSh 16,999",41%,N/A,N/A
Hisense 2.1CH Soundbar With Wireless Subwoofer - Black (2YRs WRTY),Hisense,"KSh 13,999",31%,N/A,N/A
"Skyworth 50G3A, 50-Inch 4K UHD Frameless Android Smart TV – Black",Skyworth,"KSh 37,363",19%,N/A,N/A
"TCL S5K 43 Inch Smart QLED, Full HD Google TV - Black",TCL,"KSh 25,599",29%,N/A,N/A
"Amtec 55L12 - 55"" Frameless 4K UHD Smart Android TV, 1.5GB RAM + 8GB ROM - Black (1YR WRTY)",Amtec,"KSh 32,999",30%,N/A,N/A
WK 02 CH Multimedia Speaker 10000watts (1YR WRTY),WK,"KSh 5,299",20%,N/A,N/A
"Lyons LST5503W SMART 55"" Inch,FRAMELESS/BLUETOOTH-ENABLED,ULTRA HD 4K  TV - Black (1YR WRTY)",Lyons,"KSh 34,599",38%,N/A,N/A
"Vision Plus VP8843SF - 43"" FHD Android TV + Free Wall Mount (2YRs WRTY).",Vision,"KSh 20,330",15%,N/A,N/A
"Vitron V643 3.1Ch Bluetooth Speaker System, 12V",Vitron,"KSh 4,099",15%,N/A,N/A
"Globalstar 32UK64 , 32INCH Smart Android TV, Netflix, Youtube - Black",Globalstar,"KSh 9,499",41%,N/A,N/A
"Ramtons RF/203, 2 Door Direct Cool Fridge, 128 Litres - Silver(1YR WRTY)",Ramtons,"KSh 24,699",33%,N/A,N/A
"VON VCF503131NFY, 3 Gas + 1 electric hotplate, Electric oven 50x50 Grey (1YR WRTY)",VON,"KSh 18,599",47%,N/A,N/A
"Maxmo Twin Tub Washing Machine, White & Green - 8Kgs",Maxmo,"KSh 17,900",15%,N/A,N/A
"Glamstar GFR-120D - 90L Single Door Fridge, Grey",Glamstar,"KSh 12,999",13%,N/A,N/A
"Bruhm BGC-5540IF, 50*55cm Cooker (4 Gas Burners) - Silver (1YR WRTY)",Bruhm,"KSh 16,995",37%,N/A,N/A
VON VALS-75BWY Twin Tub Washing Machine - 7.5Kg (1YR WRTY),VON,"KSh 16,999",43%,N/A,N/A
"VON VRT-195DRHS Double Door Direct Cool - 195L, Dark Silver  (1YR WRTY)",VON,"KSh 30,799",37%,N/A,N/A
Euroken Cooker New Arrival 3+1-E Electric Oven Free Stand Glass Top Cooker,Euroken,"KSh 18,305",24%,N/A,N/A
Ramtons RF/257- 2 Door Direct Cool Fridge - 213 Liters - Titan  (1YR WRTY),Ramtons,"KSh 32,399",34%,N/A,N/A
Ramtons 3G+1E 60X60 SILVER COOKER - RC/606 (1YR WRTY),Ramtons,"KSh 39,999",18%,N/A,N/A
Hisense 94 Liters Single Door Fridge REF094DR (2YRs WRTY) - Silver,Hisense,"KSh 17,699",30%,N/A,N/A
"Nunix 3 Gas Burners,1 Electric Plate, Electric Oven 60*60 KZ-660-3G1E",Nunix,"KSh 23,759",34%,N/A,N/A
"Maxmo Twin Tub Washing Machine, White & Green - 10Kgs",Maxmo,"KSh 21,995",15%,N/A,N/A
VON VART-19DHS Double Door Fridge 136L - Silver (1YR WRTY),VON,"KSh 25,399",42%,N/A,N/A
"Itel S25 Ultra 4G, 6.78"", 8GB RAM + 128GB,(Dual Sim), 5000mAh, Titanium (1YR WRTY) + Itel S25 ultra 128+8 + Free Buds Ace Pro",Itel,"KSh 15,499",23%,N/A,N/A
"Samsung Galaxy A06, 6.7'' Display, 4GB RAM + 128GB ROM (Dual Sim) 50MP Camera, 5000mAh COMES WITH FREE GIFTS ( AIRPODS + SMART WATCH +POWERBANK ) FOR YOU",Samsung,"KSh 13,169",58%,N/A,N/A
"VOLSMART 108L Mini Refrigerator ,Double Door Fridge With Direct Cool, Freezer Zone, Energy Saving +Free Gifts",VOLSMART,"KSh 22,399",44%,N/A,N/A
"Itel A70 6.6"" , 256GB ROM + Up To 12GB RAM, 4G, 5000mAh - Brilliant Gold + Free Gifts",Itel,"KSh 13,499",33%,N/A,N/A
"Samsung GALAXY A16, 6.7'' HD+, 4GB RAM + 128GB ROM, DUAL SIM, 50MP, 5000mAh  COMES WITH FREE GIFTS ( AIRPODS + SMART WATCH +POWERBANK ) FOR YOU",Samsung,"KSh 16,979",53%,N/A,N/A
"Vitron 32""Inch Bluetooth/Frameless Smart Android TV Inbuilt Decoder+FREE GIFTS",Vitron,"KSh 11,790",51%,N/A,N/A
"Samsung Galaxy A05, 6.7''  4GB RAM + 64GB ROM (Dual Sim) 50MP, 5000mAh - Black + Free Gifts",Samsung,"KSh 9,799",51%,N/A,N/A
"Vitron HTC3200S 32""inch Bluetooth Connectivity TV Smart Android Television With Inbuilt Wi-Fi Connectivity, Inbuilt Decoder Netflix ,YouTube, App Store + 4 FREE GIFTS (1 YEAR WARRANTY )",Vitron,"KSh 12,195",34%,N/A,N/A
"Vitron HTC4388FS,43"" INCH Frameless Smart Android TV,BLUEOTOOTH ENABLED, NETFLIX YOUTUBE, APP STORE, Inbuilt Decoder+FREE GIFTS (1YR WRTY)",Vitron,"KSh 18,999",32%,N/A,N/A
STY Men Black PU Chest Bag + Wallet + Wired Earphone ( Free Gift ) Set,STY,KSh 619,44%,N/A,N/A
"Samsung GALAXY A16, 6.7'' HD+, 8GB RAM + 256 GB ROM, DUAL SIM, 50MP, 5000mAh  COMES WITH FREE GIFTS ( AIRPODS + SMART WATCH +POWERBANK ) FOR YOU",Samsung,"KSh 22,699",37%,N/A,N/A
"XIAOMI Redmi A3x 6.71"" 3GB RAM + 64GB ROM, Android 14 (Dual Sim) 5000mAh - White + Free Gifts",XIAOMI,"KSh 8,745",56%,N/A,N/A
"Advance  64gb METTALIC FLASH // 64gb/64 GB Flash Disk - Silver + Free Digital Gifts (Watch, Earbuds,Otg)",Advance,"KSh 1,080",46%,N/A,N/A
"Tecno Spark 40, 6.67'' HD+, UP To 8GB RAM + 128GB ROM (Dual Sim) 50MP, 5200 MAh COMES WITH FREE GIFTS ( AIRPODS + LED WATCH +POWERBANK ) FOR YOU",Tecno,"KSh 12,659",69%,N/A,N/A
"Samsung GALAXY A16, 6.7'' HD+, 4GB RAM + 128GB ROM, DUAL SIM, 50MP, 5000mAh  COMES WITH FREE GIFTS ( AIRPODS + SMART WATCH +POWERBANK ) FOR YOU",Samsung,"KSh 16,970",53%,N/A,N/A
Top Fry Top Fry Vegetable Oil 3L + Free 500g Margarine,Top,KSh 799,24%,N/A,N/A
Kabras Kabras Premium White Sugar - 2kg,Kabras,KSh 345,5%,N/A,N/A
Jack Daniel's Jack Daniel's Honey 700ml + 2 Free Schweppes Ginger Ale 330ml,Jack,"KSh 3,599",12%,N/A,N/A
Ranee Biryani - 5 Kg,Ranee,"KSh 1,139",21%,N/A,N/A
Martell VS Cognac - 1L,Martell,"KSh 5,999",25%,N/A,N/A
Soko Maize Meal – 10Kg,Soko,KSh 799,3%,N/A,N/A
Jack Daniel's Jack Daniel's Gentleman Jack 700ml,Jack,"KSh 4,799",10%,N/A,N/A
Rosy Toilet Paper White 10 Pack Unwrapped,Rosy,KSh 276,30%,N/A,N/A
Jack Daniel's Jack Daniel's Old No. 7 - 1L,Jack,"KSh 4,999",13%,N/A,N/A
Daawat Deli Basmati Rice 2KG,Daawat,KSh 659,5%,N/A,N/A
Menengai Menengai Cream Bar Soap - 800g,Menengai,KSh 149,19%,N/A,N/A
Soko Soko Wheat flour - 2Kg,Soko,KSh 155,11%,N/A,N/A
Balozi Lager Cans 500ml - Pack of 6,Balozi,KSh 999,28%,N/A,N/A
Exe Exe All Purpose Flour 2kg,Exe,KSh 160,9%,N/A,N/A
Ballantine's Ballantine's Blended Scotch Whiskey - 750 ML,Ballantine's,"KSh 1,699",32%,N/A,N/A
"Garnier Even & Matte Vitamin C Booster Serum, Evens Skin Tone, Boosted with Vitamin C, Niacinamide and Salicylic Acid - 30ml.",Garnier,"KSh 1,129",35%,N/A,N/A
NIVEA Radiant & Beauty Advanced Care Lotion For Women - 400ml (Pack Of 2),NIVEA,KSh 999,32%,N/A,N/A
TOUPHY Manicure Nail Clippers Kit Pedicure Set Nail 19Pcs,TOUPHY,KSh 345,14%,N/A,N/A
"Maybelline Lifter Gloss Plumping and Hydrating Lip Gloss, Shade: 009 Topaz, with Hyaluronic Acid for Super Juicy Lips with Incredible Shine, 5.4ml",Maybelline,KSh 799,41%,N/A,N/A
Deliya Hair Dryer Blow Dryer Hair Tools+ Nail Clipper Set 6 Gifts,Deliya,"KSh 1,153",50%,N/A,N/A
NIVEA UV Face Shine Control Cream SPF 50 - 50ml,NIVEA,KSh 899,31%,N/A,N/A
Blood Pressure Monitor Armband Cuff 22-32cm Arm Circumference Voice Announcements,Blood,KSh 865,68%,N/A,N/A
L'Oréal Paris GLYCOLIC BRIGHT FACE CLEANSER FOAM 100ML,L'Oréal,KSh 549,35%,N/A,N/A
"NIVEA His & Hers Deo Pack - Deep Roll-On - 50ml, Pearl & Beauty Roll-On - 50ml",NIVEA,KSh 699,33%,N/A,N/A
Electric Toothbrushes With 4 Brush Heads - Black,Electric,KSh 853,46%,N/A,N/A
"Maybelline Fit Me Hydrating Primer Luminous and Smooth, Enriched with Vitamin E, for Normal to Oily Skin, 30ml",Maybelline,KSh 990,33%,N/A,N/A
Garnier Skin Active Super UV Invisible Sunscreen SPF50 with Vitamin C - Protects and Reduces 53% Dark Marks,Garnier,KSh 930,36%,N/A,N/A
NIVEA Deep Care Bundle,NIVEA,KSh 799,33%,N/A,N/A
MATIHO Rechargeable Metal Simple Style Hair Clipper,MATIHO,KSh 355,38%,N/A,N/A
NIVEA Radiant & Beauty Even Glow Body Lotion For Women - 400ml - (Pack of 2),NIVEA,KSh 999,41%,N/A,N/A
"Em  VB-Y66, 1.5L Multifunctional 2 In 1 Blender Powerful 4 Speed Motor Countertop with Grinding Machine, Stainless Steel Blades BD06 - Silver",Em,"KSh 1,999",60%,N/A,N/A
AILYONS FK-0301 Stainless Steel 1.8L Electric Kettle-Black,AILYONS,KSh 469,66%,N/A,N/A
Lyons AN-2001K High Quality Electric Dry Iron Box with Non-stick sole plate   - 1000W Blue(1YR WRTY),Lyons,KSh 659,34%,N/A,N/A
Ramtons RM/399-corded Electric Kettle 1.7 Ltrs- White (1YR WRTY),Ramtons,"KSh 1,100",41%,N/A,N/A
"Em Table Top Gas Cooker, 2 Burner With A Strong Glass Gas Cooker GS007  (1YR WRTY)",Em,"KSh 1,899",47%,N/A,N/A
Smart Pro SHB-313 Hand Blender (600ml Blender Jar) - Black,Smart,"KSh 1,499",50%,N/A,N/A
Ramtons  STEAM IRON - NON STICK SOLE PLATE - RM/694 (1YR WRTY),Ramtons,"KSh 1,799",18%,N/A,N/A
Lyons FK-0323 Stainless Steel 1.8L Electric Kettle-Black,Lyons,KSh 499,50%,N/A,N/A
"Em Blender 2 In 1 Grinding Machine With Durable Motor 1.5L, White  BD01 (1YR WRTY)",Em,"KSh 1,359",50%,N/A,N/A
AILYONS HD-199A Electric Dry Iron Box Silver & Black (1YR WRTY),AILYONS,KSh 899,36%,N/A,N/A
Lyons FK-0326 Stainless Steel 2.2L Electric Kettle-Red,Lyons,KSh 699,53%,N/A,N/A
"Em Blender 2 In 1 Grinding Machine With Durable Motor 1.5L, Black  BD02",Em,"KSh 1,359",63%,N/A,N/A
AILYONS Quality Dry Iron Box With Titanium Teflon Nonstick Soleplate,AILYONS,KSh 898,40%,N/A,N/A
Lyons YT-138 Blender 2 In 1 With Grinder Machines 1.5L Red,Lyons,"KSh 1,499",40%,N/A,N/A
AILYONS FK-0310 Stainless Steel 2.2L Electric Water Kettle-Black (1YR WRTY),AILYONS,KSh 799,50%,N/A,N/A
"Sundabest High Quality 2L Vacuum Flask, White 1482",Sundabest,KSh 774,9%,N/A,N/A
"Johari 1 PC Pillow Filter Memory Pillow Bedding Accessories 6OOGMHome Goods Original Adjustable Pillow, Queen Size Bed Pillows For Sleeping, Cross Cut Memory Foam Pillows Medium Firm",Johari,KSh 290,42%,N/A,N/A
Em Water Dispenser with Hot and Cold Water Black water dispenser,Em,"KSh 5,799",36%,N/A,N/A
"Solar Light 40W, 60W, 100W Solar Outdoor Lights Waterproof Bright SOLAR FLOODLIGHT",Solar,"KSh 2,000 - KSh 2,796",56%,N/A,N/A
"Em Electric Water Dispenser Pump for Gallon Bottles – Rechargeable, Portable Pump with Tap for Home, Office, and Outdoor Use",Em,KSh 599,70%,N/A,N/A
Sundabest Green Tea Cups Set Of 6 (9539),Sundabest,KSh 446,10%,N/A,N/A
GREY CURTAINS 2Pcs (1.5m Each) Each 2M WHITE SHEER For Living Room Window And Door,GREY,"KSh 2,839",32%,N/A,N/A
Winvas 3 Column metallic wardrobe,Winvas,"KSh 1,855",38%,N/A,N/A
Superfoam Morning Glory School Mattress- Blue,Superfoam,"KSh 1,800 - KSh 10,600",44%,N/A,N/A
Nunix Aluminium Pressure Cooker - Explosion Proof - 7  Litres - Silver,Nunix,"KSh 2,404",21%,N/A,N/A
"HP Refurbished EliteBook 820, Intel Core I5, Slim Model ,8GB RAM , 500HDD, Black- 12.5""",HP,"KSh 14,796",47%,N/A,N/A
"HP Chromebook 11A G8 EE AMD A4 - Storage 4GB / 32GB EMMC 11.6-inch  HD Webcam - WiFi, Chrome OS - Refurb.  (6 Months WRTY)",HP,"KSh 8,299",48%,N/A,N/A
"Epson EcoTank L3210 A4 Printer (All-in-One), (1YR WRTY)",Epson,"KSh 19,500",22%,N/A,N/A
Eaget Pen Flash Drive 3.0 128GB - Metal OTG Micro USB Type-C,Eaget,KSh 469,41%,N/A,N/A
"Starlink Standard Kit: High-Speed, Low-Latency Internet with Gen 3 Router, Wi-Fi 6",Starlink,"KSh 39,999",43%,N/A,N/A
GUEETON 2.4G  Bluetooth Dual Mode Rechargeable Wireless Mouse Black,GUEETON,KSh 372,37%,N/A,N/A
"HP  Refurbished EliteBook 8460/70p Core I5 - HDD 500GB - 8GB RAM WIFI CAM Silver - 14"" (6 Months WRTY)",HP,"KSh 11,899",41%,N/A,N/A
GUEETON 128GB Metal OTG Usb Flash Drive Waterproof 3D Embossment,GUEETON,KSh 524,44%,N/A,N/A
"HP 8GB RAM, 500GB Hard Disk  Elitebook Refurbished Laptop  14'' Inches Screen Display,  & Intel Core I5 Laptop,Webcam, Windows 11 PRO Activated, Office & Basic Software Installed + Free Bag + Charger +Mouse Pad + Free Wireless Mouse+  Extension",HP,"KSh 17,999",28%,N/A,N/A
"Stand, Laptop Holder Riser Computer Stand, Adjustable Aluminum Foldable Portable Notebook Stand","Stand,",KSh 401,55%,N/A,N/A
"Lenovo Chromebook – 4GB RAM, 32GB SSD, 11.6” HD Display, Wi-Fi, Chrome OS – Student Laptop Refurbished",Lenovo,"KSh 6,175",68%,N/A,N/A
GUEETON Ultra-thin Wireless Mouse 2.4G Bluetooth Dual Mode Rechargeable Silver,GUEETON,KSh 358,78%,N/A,N/A
VIC ♛128GB USB3.0 Metal Flash Drives Portable Usb Drive Waterproof Memoria Usb Disk,VIC,KSh 478,64%,N/A,N/A
"Epson EcoTank L3250 A4 WIRELESS Printer (All-in-One), (1YR WRTY)",Epson,"KSh 20,999",19%,N/A,N/A
"Apple Refurbished 13.3"" MacBook Pro A1278, Intel Core I5, 8GB RAM, 500GB HDD - Silver",Apple,"KSh 16,616",21%,N/A,N/A
Hikers 32'' Digital Frameless HD LED TV-Black,Hikers,"KSh 8,760",45%,N/A,N/A
"Samsung Galaxy A16, 6.7"", 128GB + 4GB RAM (Dual SIM), 5000mAh, Black",Samsung,"KSh 16,450",4%,N/A,N/A
"Freeyond FreeYond F9,3GB+128GB,6.52"",4G, Smartphone 5000mAh,Blue",Freeyond,"KSh 7,369",1%,N/A,N/A
Mythco 46Pcs Socket Wrench Set - Auto Repair Tool Kit Black Ratchet,Mythco,KSh 845,49%,N/A,N/A
"Ecoflow ECOFLOW Portable Power Station RIVER 2, 256Wh LiFeP04 Battery/ 1 Hour Fast Charging, Up To 600W Output, for Outdoor Camping/RVs/Home Use",Ecoflow,"KSh 26,999",60%,N/A,N/A
"Blueing 14"" Laptop N3350 6GB+192GB SSD Portable Computer Student Pc",Blueing,"KSh 22,998",3%,N/A,N/A
Hifinit Hifinit Fridge 86Liters Double Door Refrigerator RF86L-Silver,Hifinit,"KSh 18,898",66%,N/A,N/A
"C Idea Adults Tablets, 10 Inches Android 12 Sim 8GB+512GB Storage Keyboard Tablt PC(Red)N",C,"KSh 9,400",32%,N/A,N/A
Berrykey Men's Spring Casual Slim Fit Floral Long Sleeve T Shirts Sweatshirts-Grey,Berrykey,KSh 190,75%,N/A,N/A
Thick Coral Fleece Face Towel - Quick Drying,Thick,KSh 330,52%,N/A,N/A
GUIXIA Tws Wireless Bluetooth Headsets Earphones Pro4,GUIXIA,KSh 200,69%,N/A,N/A
BLWOENS Men's Casual Sneakers Sneakers Men's Shoes-Black,BLWOENS,KSh 280,72%,N/A,N/A
Mateamoda Women Shoes Sandals Heels Ladies Shoes Casual Shoes,Mateamoda,KSh 782,54%,N/A,N/A
TWS Wireless Earbuds Bluetooth Earphone With Mic Headset M10,TWS,KSh 400,49%,N/A,N/A
Mateamoda Shoes Rack Closet Storage Assemble Organizer 5-layer,Mateamoda,KSh 710,53%,N/A,N/A
Stylish Mock Neck Ribbed Bodycon Dress(Hips 36-44inches Fit),Stylish,KSh 525,49%,N/A,N/A
Women's Watch + Necklace + Ring + Earrings Set,Women's,KSh 479,60%,N/A,N/A
3-Pack Ladies Jeans - Body Shapers,3-Pack,"KSh 2,099 - KSh 2,399",9%,N/A,N/A
Mateamoda 3 PCS Women T-shirts Ladies Tops Tees Tshirt Sets Female Clothing,Mateamoda,"KSh 1,000",47%,N/A,N/A
Ring Necklace Belt Underwear Set,Ring,"KSh 1,029",49%,N/A,N/A
Machislet High Quality Elegant Clothes Evening Ladies Dresses Casual Dress Wedding Dresses For The Ladies,Machislet,KSh 600,37%,N/A,N/A
17pcs Rings Necklace Watch  5 pairs Earrings 5pcs Hairpin Set,17pcs,"KSh 1,100",45%,N/A,N/A
Seamless Shapewear Bodysuit Women's Tummy Control Body Shapers Coffee Color,Seamless,KSh 558,47%,N/A,N/A
Ladies Ice Silk Underwear Women Sexy Seamless Panties Pack Of 3,Ladies,KSh 449,35%,N/A,N/A
Anti Blue Light Computer Glasses For Anti Eyestrain UV400 Blue Light - Dark Pink,Anti,KSh 240,70%,N/A,N/A
3PCs Hottest Strappy Back French Lace Panties Ladies Panty(Hips 40-46inc) L034,3PCs,KSh 669,26%,N/A,N/A
Seamless Shapewear Bodysuit Women's Tummy Control Body Shapers Flesh Comisole,Seamless,KSh 443,51%,N/A,N/A
3PCS Sexy Ladies Cotton Stretch Striped Tight,3PCS,KSh 899,10%,N/A,N/A
Women's Solid Color Casual Camisole Jumpsuit - Red,Women's,KSh 245,64%,N/A,N/A
Pearl Earrings Hoop Earrings Set Punk Metal Drop Earrings 6 Pairs,Pearl,KSh 239,40%,N/A,N/A
6Pcs Soft Cotton Checked Men's Boxers – Multicolor,6Pcs,KSh 499,19%,N/A,N/A
STY 15.6 Inch Men Laptop Bags Backpack With External USB Port School Bag - Black,STY,KSh 699,48%,N/A,N/A
3 Pieces Of Adjustable Baseball Cap - Multicolour+free Gift,3,KSh 499,44%,N/A,N/A
Men Watch Versatile Business Belt Quartz Watch Bracelet Set,Men,KSh 427,39%,N/A,N/A
3-Pack V - Neck Heavy Duty 160 GSM T-shirts - White/Navy Blue/White,3-Pack,KSh 700,42%,N/A,N/A
Men's Fashion 1997 Short Sleeved T-shirt And Shorts 2-in-1 Set - Black,Men's,KSh 790,35%,N/A,N/A
Men's Coat Slim Fit Baseball Jacket With Zipper Hoodie Trendy Jacket,Men's,KSh 959,52%,N/A,N/A
4 In 1 Men's Fashion Short Sleeved T-shirt - Multi Color,4,"KSh 1,280",23%,N/A,N/A
Men's Button Casual Print Shirt Long Sleeved Shirt,Men's,KSh 769,49%,N/A,N/A
Design Watches Luminous Alloy Men's Wrist Watch - Green,Design,KSh 289,33%,N/A,N/A
Plain Finest Denim Slim Fit Black Jeans + FREE BELT,Plain,KSh 849 - KSh 999,36%,N/A,N/A
ASHION 2025 EU Sizes Men's Panties Underpant Underwear 4-piece,ASHION,KSh 650 - KSh 690,53%,N/A,N/A
3 Pcs Soft Khaki Men's Trouser Slim Fit- Grey Black Parliament Blue,3,"KSh 1,999 - KSh 2,599",58%,N/A,N/A
ALagzi Men's Plus Size Loafers - Brown,ALagzi,"KSh 1,100",43%,N/A,N/A
Hard Khaki Trouser Pants -Brown,Hard,KSh 700,46%,N/A,N/A
"XIAOMI Redmi A3x, 6.71"", 64GB + 3GB RAM (Dual SIM), 5000mAh, Black",XIAOMI,"KSh 7,949",28%,N/A,N/A
SILVER CREST Commercial Heavy Duty Blender 2in1 4500watts Double Jug with Grinding Machine or Grinder,SILVER,"KSh 2,729",45%,N/A,N/A
"Samsung Galaxy A05, 6.7'' 4GB RAM + 64GB ROM (Dual Sim) 50MP Camera, 5000mAh - Black",Samsung,"KSh 9,000",40%,N/A,N/A
"Vitron 32""Inch Bluetooth/Frameless Smart Android TV Inbuilt Decoder+FREE GIFTS",Vitron,"KSh 11,790",51%,N/A,N/A
"Samsung GALAXY A16, 6.7'' HD+, 4GB RAM + 128GB ROM, DUAL SIM, 50MP, 5000mAh  COMES WITH FREE GIFTS ( AIRPODS + SMART WATCH +POWERBANK ) FOR YOU",Samsung,"KSh 16,979",53%,N/A,N/A
"Mosquito Net With Metallic Stand White 4*6, 5*6, 6*6",Mosquito,"KSh 1,189",15%,N/A,N/A
4pcs Duvet Comforter Set Duvet Blanket Starry Sky Bedding Set 1 Soft Microfiber Polyester Comforter 1 White Sheet 2 White Pillowcases,4pcs,"KSh 1,879",1%,N/A,N/A
15mls 6pcs Tot Glasses Shot Glasses For Shots,15mls,KSh 899,36%,N/A,N/A
"Mexico Modern Wooden TV Stand For Up To 55"" TV",Mexico,"KSh 3,840",49%,N/A,N/A
Istanbul 2 modern tv stand with led light,Istanbul,"KSh 4,999",44%,N/A,N/A
Geemy ELECTRIC Professional HAIR Clipper SHAVER / Beard Trimmer- Shaving MACHINE-KINYOZI + GIFTS ELECTRIC IRONING BOX // IRONBOX 1000W & 2 Pieces Face Towels,Geemy,"KSh 1,930",36%,N/A,N/A
"HP  Refurbished EliteBook 8460/70p Core I5 - HDD 500GB - 8GB RAM WIFI CAM Silver - 14"" (6 Months WRTY)",HP,"KSh 11,899",41%,N/A,N/A
"Lenovo Refurbished ThinkPad Yoga 11e Touch Screen Intel Celeron 4GB 128GB SSD 11.6""",Lenovo,"KSh 10,239",57%,N/A,N/A
"Vitron HTC3200S,32 Inch Frameless Smart Android TV Inbuilt Wifi, Inbuilt Decoder,Bluetooth Enabled (1 Year Warranty)+FREE TV Guard+Extension",Vitron,"KSh 11,799",28%,N/A,N/A
Amaze TV Guard/DVD Guard - 13A.,Amaze,KSh 495,51%,N/A,N/A
RichRipple M10 LED Display Bluetooth Headsets 9D Stereo Wireless Earphones Earpods,RichRipple,KSh 389,55%,N/A,N/A
10000mAh Small Size Unique Design  2A Fast Charger with 2-in-2-out Fast Charging Power Bank,10000mAh,KSh 588,68%,N/A,N/A
GUEETON 128GB Metal OTG Usb Flash Drive Waterproof 3D Embossment,GUEETON,KSh 524,44%,N/A,N/A
STY 4 In 1 Ladies Handbags Women Shoulder Bags Set PU Synthetic Leather -Pink,STY,KSh 799,40%,N/A,N/A
ASHION 2024 Men's Casual Shoes Big Size  Sneakers 39-48,ASHION,KSh 970,53%,N/A,N/A
Design Watches Luminous Alloy Men's Wrist Watch - Green,Design,KSh 289,33%,N/A,N/A
Classic Men's Casual Sneakers,Classic,KSh 937,33%,N/A,N/A
Bluetooth Selfie Stick Tripod + Fill Light +Shutter Remote,Bluetooth,KSh 389,77%,N/A,N/A
Mythco USB Powered Remote Control 20-Color Sunset Lamp/Projector,Mythco,KSh 589,42%,N/A,N/A
ARHANORY Women Necklace Ladies Heartbeat Rythm Pendant Chain - Gold,ARHANORY,KSh 145,57%,N/A,N/A
Mythco 25-in-1 Small Precision Screwdriver Set Magnetic Mini Repair Tool Kit,Mythco,KSh 340,54%,N/A,N/A
Ear Mounted Wireless Bluetooth Earphones Earpod Stereo Hifi,Ear,KSh 875,48%,N/A,N/A
Foldable Portable Laptop Stand With Mobile Phone Stand 3 In 1 Black,Foldable,KSh 451,43%,N/A,N/A
Men's Breathable Sneakers Casual Shoes Non-slip Comfort Sport - Brown,Men's,"KSh 1,130",54%,N/A,N/A
Men's 2-in-1 Super Cool Short Sleeve T-shirt - Black And White,Men's,KSh 690,46%,N/A,N/A
Domyos Skipping Rope 100,Domyos,KSh 290,26%,N/A,N/A
Nabaiji READY 100 SWIMMING GOGGLES - ONE SIZE - CLEAR LENSES - Grey,Nabaiji,KSh 390,34%,N/A,N/A
TARMAK R100 - Durable Basketball - Size 7 - Orange,TARMAK,"KSh 1,550",N/A,N/A,N/A
Caperlan Line 4x4 250m Fishing Line,Caperlan,KSh 390,20%,N/A,N/A
RIVERSIDE Hand Pump 100 - Black,RIVERSIDE,KSh 490,N/A,N/A,N/A
CANAVERAL T100 Steel-tipped Darts Tri-pack - Black,CANAVERAL,KSh 790,11%,N/A,N/A
KIPRUN Running Socks Run 100 3-pack - Black,KIPRUN,KSh 590,34%,N/A,N/A
Domyos Lifting Strap,Domyos,KSh 890,23%,N/A,N/A
Nabaiji 100 Thin Silicone Swim Cap - Grey,Nabaiji,KSh 290,N/A,N/A,N/A
"Back,lumber,neck & Shoulder Posture Corrector/support For Men And Women","Back,lumber,neck",KSh 696,50%,N/A,N/A
1 Pair Of Thickened Sports Knee Pads And Fitness Knee Pads,1,KSh 566,53%,N/A,N/A
1Pcs Adjustable Elastic Ankle Brace Guard Foot,1Pcs,KSh 264,51%,N/A,N/A
Long Hair Printed Swimming Cap(Blue),Long,KSh 729,36%,N/A,N/A
Women's Corset Fitness Shapewear - Black,Women's,KSh 399,42%,N/A,N/A
Black Full Face Balaclava Ski Mask with Filter Mesh Windproof Dustproof Motorcycle Bicycle,Black,KSh 750,25%,N/A,N/A
NIVEA Radiant & Beauty Even Glow Body Lotion For Women - 400ml - (Pack of 2),NIVEA,KSh 999,41%,N/A,N/A
"XIAOMI Redmi 14C, 6.88"" (4GB RAM+128GB Storage) (Dual Sim) 5160mAh - Midnight Black (2YRs WRTY)",XIAOMI,"KSh 11,253",23%,N/A,N/A
Garnier Pure Active AHA+BHA Charcoal Daily Mattifying Air Cream 50ml. 3 In 1 All Day Oil Control Moisturiser With 48hr Hydration To Visibly Reduce Blemishes.,Garnier,KSh 789,36%,N/A,N/A
"Poco C71,  6.88"", 64GB + 3GB RAM (Dual SIM), 5200mAh, Black",Poco,"KSh 7,599",24%,N/A,N/A
L'Oréal Paris GLYCOLIC BRIGHT FACE CLEANSER FOAM 100ML,L'Oréal,KSh 549,35%,N/A,N/A
Garnier Skin Active Super UV Invisible Sunscreen SPF50 with Vitamin C - Protects and Reduces 53% Dark Marks,Garnier,KSh 930,36%,N/A,N/A
NIVEA Nourishing Cocoa Body Lotion With Cocoa Butter 400ml (Pack Of 2),NIVEA,KSh 749,41%,N/A,N/A
"XIAOMI POCO C71,  6.88"", 128GB + 4GB RAM (Dual SIM), 5200mAh, Black",XIAOMI,"KSh 8,999",22%,N/A,N/A
"NIVEA His & Hers Deo Pack - Deep Roll-On - 50ml, Pearl & Beauty Roll-On - 50ml",NIVEA,KSh 699,33%,N/A,N/A
NIVEA UV Face Shine Control Cream SPF 50 - 50ml,NIVEA,KSh 899,31%,N/A,N/A
"XIAOMI Redmi A5, 6.88"", 4GB + 128GB , 5200mAh, DUAL SIM, 4G - Midnight Black",XIAOMI,"KSh 10,099",20%,N/A,N/A
"Maybelline Fit Me Hydrating Primer Luminous and Smooth, Enriched with Vitamin E, for Normal to Oily Skin, 30ml",Maybelline,KSh 990,33%,N/A,N/A
"Maybelline Lifter Gloss Plumping and Hydrating Lip Gloss, Shade: 009 Topaz, with Hyaluronic Acid for Super Juicy Lips with Incredible Shine, 5.4ml",Maybelline,KSh 799,41%,N/A,N/A
NIVEA Deep Care Bundle,NIVEA,KSh 799,33%,N/A,N/A
NIVEA Radiant & Beauty Advanced Care Lotion For Women - 400ml (Pack Of 2),NIVEA,KSh 999,32%,N/A,N/A
Meind 200W Car Power Inverter 12V DC To 220V AC Converter For Car,Meind,"KSh 2,300",54%,N/A,N/A
Vehicle Repair Tool 46 Pcs Mini Socket Wrench Set Box Spanner Socket Set,Vehicle,KSh 806,46%,N/A,N/A
12V/24V 8A Automatic Car Battery Charger Power - Black,12V/24V,"KSh 1,808",54%,N/A,N/A
GUEETON Portable Digital Tire Inflator Car Air Compressor,GUEETON,"KSh 1,470",41%,N/A,N/A
Motorcycle Elbow Knee Pads Protective Gear Guards Kit,Motorcycle,"KSh 2,375",41%,N/A,N/A
"Mythco Cordless Portable 300W Pressure Washer, 6 In 1 Nozzle, 10-cell Battery",Mythco,"KSh 3,799",52%,N/A,N/A
"Gladiator Tire Sealant & Inflator 450ml - Emergency Flat Tyre Puncture - For All cars Vehicles, Trucks, Motorcycles and Bicycles",Gladiator,KSh 864,54%,N/A,N/A
Car LED Strip Light 7 Multicolor Interior RGB Under Dash Lighting Waterproof Kit With Wireless Remote Control Multi-Mode Change,Car,"KSh 1,137",43%,N/A,N/A
Panasonic 1/2/5pcs Lithium Coin CR1632 Cells Pack Coin Batteries 3V CR 1632 Battery ECR1632 Key Fob Car Remote,Panasonic,"KSh 505 - KSh 1,517",42%,N/A,N/A
Universal Scratch Repair Pen For Car/Motorcycle/Boat,Universal,"KSh 3,200",47%,N/A,N/A
Car Engine Refueling Funnel Filter Oil Gasoline Filling Strainer Extension Pipe Hose Funnels Tool,Car,KSh 909,43%,N/A,N/A
"CARSUN 2 PCS Car Rear View Mirror Stickers, Red Waterproof Vinyl Auto Side Rearview Stripes, Universal Reflective Anti-Collision Striped Warning Decal for Most Vehicles",CARSUN,KSh 505,49%,N/A,N/A
Tiaoping 2pc TP-008A 500W Mini Car Tweeter Speaker Universal DC 12V Music Loudspeaker Adjustable Audio Sound,Tiaoping,KSh 864,52%,N/A,N/A
Rearview Mirror Auxiliary Mirror,Rearview,"KSh 1,000",34%,N/A,N/A
Car Stereo Player FM Radio Dual USB LCD,Car,"KSh 1,733",42%,N/A,N/A
Softcare Baby Wipes 80pcs,Softcare,KSh 150,N/A,N/A,N/A
Nice & Lovely Baby Range Value Pack,Nice,"KSh 1,690",35%,N/A,N/A
Baby Crib/ Wooden Cot Mosquito Net (Fits 2ft By 4ft Cot),Baby,KSh 780,32%,N/A,N/A
Catpapa 0-3Years Baby Girls Leopard Print  Shirt With Bell-bottoms,Catpapa,KSh 700,33%,N/A,N/A
Catpapa 1-6Years Kids Girl Flower Print Long Sleeve Dress,Catpapa,KSh 700,56%,N/A,N/A
Baby Carrier With A Hood - Blue,Baby,"KSh 1,240",31%,N/A,N/A
Catpapa 0-3 Years Kid Girl 2PCS Solid Color Ribbed Overcoat With Floral Sleeveless Dress,Catpapa,"KSh 1,200",42%,N/A,N/A
DIY Handmade Airplane Model Toys,DIY,KSh 238,82%,N/A,N/A
Catpapa 1-3 Years Kid Boy Clothes Set Short Sleeves Tshirt + Shorts 2PCS,Catpapa,KSh 817,65%,N/A,N/A
Figures Dolls  LED Colorful Glowing Teddy Bear Stuffed  Toy,Figures,KSh 691,54%,N/A,N/A
Bells Zinc And Castor Oil Cream Soothes Babies Delicate Skin 225g,Bells,"KSh 2,300",8%,N/A,N/A
HOT Automatic Portable Silicon Milk Pump Wireless Rechargeable Single Electric Breast Pump,HOT,"KSh 1,447",10%,N/A,N/A
Comfortable 2 Hand Baby Carrier,Comfortable,"KSh 1,299",48%,N/A,N/A
Reusable Washable Adjustable Baby Diaper With 3 Inserts,Reusable,KSh 497,29%,N/A,N/A
Catpapa 3-24Months Baby Girls Long Sleeved Shirt With Pants  Letter Printing,Catpapa,KSh 700,36%,N/A,N/A
